xCoord,yCoord,roi_Id
"103","271",0
"197","325",1
"132","296",2
"113","258",3
"124","235",4
"412","297",5
"118","306",6
"103","271",7
"197","325",8
"141","265",9
"132","296",10
"124","284",11
"113","258",12
"125","235",13
"412","297",14
"119","307",15
"103","274",16
"343","363",17
"344","362",17
"345","361",17
"345","360",17
"344","359",17
"343","358",17
"342","358",17
"341","358",17
"340","358",17
"339","357",17
"338","357",17
"337","357",17
"336","357",17
"335","356",17
"334","357",17
"333","358",17
"333","359",17
"334","360",17
"335","361",17
"336","361",17
"337","361",17
"338","361",17
"339","362",17
"340","362",17
"341","363",17
"342","363",17
"343","363",17
"344","363",18
"345","362",18
"346","361",18
"346","360",18
"345","359",18
"344","358",18
"343","357",18
"342","357",18
"341","357",18
"340","357",18
"339","357",18
"338","356",18
"337","356",18
"336","356",18
"335","356",18
"334","356",18
"333","357",18
"332","358",18
"333","359",18
"334","360",18
"335","360",18
"336","360",18
"337","361",18
"338","362",18
"339","361",18
"340","362",18
"341","362",18
"342","362",18
"343","362",18
"344","363",18
"347","365",19
"348","364",19
"349","364",19
"350","363",19
"351","362",19
"350","361",19
"349","360",19
"348","359",19
"347","358",19
"346","358",19
"345","357",19
"344","357",19
"343","357",19
"342","357",19
"341","357",19
"340","357",19
"339","357",19
"338","357",19
"337","356",19
"336","355",19
"335","356",19
"334","357",19
"334","358",19
"334","359",19
"333","360",19
"333","361",19
"334","362",19
"335","363",19
"336","363",19
"337","363",19
"338","364",19
"339","365",19
"340","365",19
"341","365",19
"342","365",19
"343","364",19
"344","364",19
"345","364",19
"346","365",19
"347","365",19
"346","365",20
"347","364",20
"348","363",20
"349","363",20
"350","364",20
"351","364",20
"352","363",20
"353","362",20
"353","361",20
"352","360",20
"351","359",20
"350","359",20
"349","358",20
"348","358",20
"347","358",20
"346","357",20
"345","356",20
"344","356",20
"343","355",20
"342","354",20
"341","354",20
"340","354",20
"339","354",20
"338","354",20
"337","354",20
"336","353",20
"335","354",20
"334","355",20
"335","356",20
"335","357",20
"334","358",20
"333","359",20
"333","360",20
"334","361",20
"335","362",20
"336","363",20
"337","364",20
"338","364",20
"339","364",20
"340","365",20
"341","365",20
"342","364",20
"343","364",20
"344","365",20
"345","365",20
"346","365",20
"351","366",21
"352","365",21
"353","365",21
"354","364",21
"355","364",21
"356","365",21
"357","365",21
"358","365",21
"359","364",21
"360","363",21
"360","362",21
"361","361",21
"362","360",21
"361","359",21
"360","358",21
"359","358",21
"358","358",21
"357","358",21
"356","358",21
"355","358",21
"354","358",21
"353","358",21
"352","358",21
"351","358",21
"350","358",21
"349","358",21
"348","357",21
"347","357",21
"346","357",21
"345","356",21
"344","356",21
"343","356",21
"342","356",21
"341","356",21
"340","356",21
"339","355",21
"338","354",21
"337","353",21
"336","354",21
"335","355",21
"334","356",21
"334","357",21
"333","358",21
"332","359",21
"332","360",21
"332","361",21
"332","362",21
"333","363",21
"334","364",21
"335","365",21
"336","364",21
"337","364",21
"338","365",21
"339","365",21
"340","365",21
"341","365",21
"342","365",21
"343","365",21
"344","366",21
"345","365",21
"346","365",21
"347","365",21
"348","365",21
"349","365",21
"350","365",21
"351","366",21
"353","367",22
"354","366",22
"355","366",22
"356","366",22
"357","366",22
"358","366",22
"359","366",22
"360","365",22
"361","364",22
"362","363",22
"363","362",22
"362","361",22
"361","360",22
"360","359",22
"359","359",22
"358","359",22
"357","358",22
"356","357",22
"355","357",22
"354","357",22
"353","357",22
"352","357",22
"351","357",22
"350","357",22
"349","357",22
"348","357",22
"347","357",22
"346","356",22
"345","356",22
"344","356",22
"343","355",22
"342","355",22
"341","355",22
"340","355",22
"339","354",22
"338","354",22
"337","354",22
"336","355",22
"335","356",22
"334","357",22
"333","358",22
"332","359",22
"332","360",22
"332","361",22
"333","362",22
"333","363",22
"333","364",22
"334","365",22
"335","366",22
"336","367",22
"337","367",22
"338","367",22
"339","367",22
"340","367",22
"341","367",22
"342","367",22
"343","367",22
"344","367",22
"345","367",22
"346","367",22
"347","367",22
"348","367",22
"349","367",22
"350","367",22
"351","367",22
"352","367",22
"353","367",22
"345","370",23
"346","369",23
"347","369",23
"348","369",23
"349","369",23
"350","369",23
"351","369",23
"352","369",23
"353","369",23
"354","369",23
"355","368",23
"356","367",23
"357","368",23
"358","367",23
"359","366",23
"360","366",23
"361","365",23
"362","365",23
"363","364",23
"364","363",23
"364","362",23
"365","361",23
"365","360",23
"364","359",23
"363","358",23
"362","358",23
"361","358",23
"360","358",23
"359","357",23
"358","357",23
"357","357",23
"356","357",23
"355","357",23
"354","356",23
"353","356",23
"352","357",23
"351","357",23
"350","357",23
"349","356",23
"348","356",23
"347","356",23
"346","356",23
"345","355",23
"344","355",23
"343","355",23
"342","354",23
"341","354",23
"340","353",23
"339","352",23
"338","352",23
"337","353",23
"336","354",23
"336","355",23
"335","356",23
"334","357",23
"333","358",23
"332","359",23
"332","360",23
"332","361",23
"332","362",23
"332","363",23
"333","364",23
"334","365",23
"335","366",23
"336","367",23
"337","367",23
"338","368",23
"339","368",23
"340","369",23
"341","369",23
"342","369",23
"343","370",23
"344","370",23
"345","370",23
"346","370",24
"347","369",24
"348","369",24
"349","369",24
"350","369",24
"351","369",24
"352","369",24
"353","369",24
"354","369",24
"355","368",24
"356","368",24
"357","368",24
"358","368",24
"359","368",24
"360","368",24
"361","367",24
"362","367",24
"363","368",24
"364","367",24
"365","366",24
"366","365",24
"367","364",24
"368","363",24
"369","362",24
"370","361",24
"369","360",24
"368","359",24
"367","358",24
"366","359",24
"365","359",24
"364","358",24
"363","357",24
"362","356",24
"361","356",24
"360","356",24
"359","356",24
"358","355",24
"357","355",24
"356","355",24
"355","355",24
"354","355",24
"353","355",24
"352","355",24
"351","355",24
"350","355",24
"349","355",24
"348","355",24
"347","355",24
"346","355",24
"345","355",24
"344","354",24
"343","353",24
"342","353",24
"341","353",24
"340","352",24
"339","351",24
"338","350",24
"337","350",24
"336","351",24
"335","352",24
"335","353",24
"334","354",24
"333","355",24
"332","356",24
"332","357",24
"332","358",24
"332","359",24
"332","360",24
"332","361",24
"332","362",24
"331","363",24
"331","364",24
"330","365",24
"330","366",24
"331","367",24
"332","368",24
"333","369",24
"334","369",24
"335","368",24
"336","368",24
"337","368",24
"338","368",24
"339","369",24
"340","368",24
"341","368",24
"342","369",24
"343","369",24
"344","369",24
"345","370",24
"346","370",24
"348","373",25
"349","372",25
"350","372",25
"351","372",25
"352","372",25
"353","371",25
"354","371",25
"355","370",25
"356","370",25
"357","370",25
"358","370",25
"359","370",25
"360","369",25
"361","368",25
"362","368",25
"363","367",25
"364","366",25
"365","366",25
"366","366",25
"367","366",25
"368","365",25
"369","364",25
"370","364",25
"371","363",25
"372","362",25
"373","361",25
"372","360",25
"371","359",25
"370","359",25
"369","358",25
"368","357",25
"367","356",25
"366","356",25
"365","356",25
"364","356",25
"363","356",25
"362","356",25
"361","356",25
"360","356",25
"359","356",25
"358","355",25
"357","355",25
"356","355",25
"355","354",25
"354","354",25
"353","354",25
"352","354",25
"351","354",25
"350","354",25
"349","354",25
"348","353",25
"347","352",25
"346","352",25
"345","352",25
"344","351",25
"343","351",25
"342","351",25
"341","351",25
"340","351",25
"339","351",25
"338","352",25
"337","353",25
"336","354",25
"335","354",25
"334","354",25
"333","355",25
"332","356",25
"331","357",25
"330","358",25
"329","359",25
"329","360",25
"329","361",25
"330","362",25
"330","363",25
"330","364",25
"330","365",25
"330","366",25
"330","367",25
"331","368",25
"332","369",25
"333","369",25
"334","369",25
"335","370",25
"336","370",25
"337","371",25
"338","371",25
"339","372",25
"340","372",25
"341","372",25
"342","373",25
"343","372",25
"344","372",25
"345","373",25
"346","372",25
"347","372",25
"348","373",25
"344","373",26
"345","372",26
"346","372",26
"347","372",26
"348","372",26
"349","371",26
"350","371",26
"351","371",26
"352","370",26
"353","370",26
"354","370",26
"355","370",26
"356","369",26
"357","369",26
"358","369",26
"359","368",26
"360","368",26
"361","368",26
"362","368",26
"363","369",26
"364","368",26
"365","367",26
"366","366",26
"367","366",26
"368","365",26
"369","364",26
"369","363",26
"370","362",26
"369","361",26
"368","360",26
"368","359",26
"367","358",26
"366","357",26
"365","356",26
"364","355",26
"363","355",26
"362","355",26
"361","355",26
"360","355",26
"359","355",26
"358","355",26
"357","355",26
"356","355",26
"355","354",26
"354","353",26
"353","353",26
"352","354",26
"351","353",26
"350","352",26
"349","352",26
"348","353",26
"347","352",26
"346","352",26
"345","352",26
"344","351",26
"343","350",26
"342","349",26
"341","349",26
"340","350",26
"339","351",26
"338","352",26
"338","353",26
"338","354",26
"337","355",26
"336","354",26
"335","354",26
"334","355",26
"333","356",26
"332","357",26
"331","358",26
"331","359",26
"331","360",26
"331","361",26
"331","362",26
"331","363",26
"331","364",26
"331","365",26
"331","366",26
"331","367",26
"331","368",26
"332","369",26
"333","370",26
"334","371",26
"335","371",26
"336","371",26
"337","372",26
"338","372",26
"339","372",26
"340","372",26
"341","372",26
"342","372",26
"343","373",26
"344","373",26
"353","373",27
"354","372",27
"355","372",27
"356","371",27
"357","371",27
"358","371",27
"359","370",27
"360","370",27
"361","370",27
"362","369",27
"363","369",27
"364","369",27
"365","368",27
"366","368",27
"367","368",27
"368","367",27
"369","366",27
"370","365",27
"371","364",27
"370","363",27
"369","362",27
"368","361",27
"367","361",27
"366","361",27
"365","361",27
"364","361",27
"363","360",27
"364","359",27
"364","358",27
"364","357",27
"364","356",27
"363","355",27
"362","354",27
"361","353",27
"360","353",27
"359","352",27
"358","351",27
"357","350",27
"356","350",27
"355","350",27
"354","350",27
"353","350",27
"352","350",27
"351","350",27
"350","350",27
"349","350",27
"348","350",27
"347","349",27
"346","349",27
"345","349",27
"344","349",27
"343","350",27
"342","351",27
"341","352",27
"340","352",27
"339","352",27
"338","352",27
"337","353",27
"336","354",27
"335","355",27
"334","356",27
"333","356",27
"332","356",27
"331","357",27
"330","358",27
"329","359",27
"329","360",27
"330","361",27
"331","362",27
"330","363",27
"329","364",27
"329","365",27
"328","366",27
"328","367",27
"329","368",27
"330","369",27
"331","370",27
"332","371",27
"333","371",27
"334","372",27
"335","372",27
"336","373",27
"337","373",27
"338","373",27
"339","373",27
"340","373",27
"341","373",27
"342","373",27
"343","373",27
"344","373",27
"345","373",27
"346","373",27
"347","373",27
"348","373",27
"349","373",27
"350","373",27
"351","373",27
"352","373",27
"353","373",27
"353","374",28
"354","373",28
"355","373",28
"356","373",28
"357","373",28
"358","372",28
"359","372",28
"360","372",28
"361","371",28
"362","370",28
"362","369",28
"363","368",28
"364","367",28
"365","366",28
"366","365",28
"366","364",28
"367","363",28
"367","362",28
"366","361",28
"365","360",28
"364","359",28
"363","358",28
"362","357",28
"362","356",28
"362","355",28
"363","354",28
"362","353",28
"361","352",28
"360","352",28
"359","353",28
"358","353",28
"357","353",28
"356","352",28
"355","352",28
"354","352",28
"353","351",28
"352","351",28
"351","351",28
"350","350",28
"349","350",28
"348","350",28
"347","350",28
"346","349",28
"345","348",28
"344","348",28
"343","348",28
"342","347",28
"341","347",28
"340","347",28
"339","347",28
"338","348",28
"337","349",28
"337","350",28
"336","351",28
"335","352",28
"334","353",28
"334","354",28
"334","355",28
"334","356",28
"333","357",28
"332","357",28
"331","357",28
"330","357",28
"329","358",28
"328","358",28
"327","358",28
"326","358",28
"325","359",28
"324","360",28
"324","361",28
"325","362",28
"325","363",28
"324","364",28
"324","365",28
"325","366",28
"326","367",28
"327","368",28
"328","369",28
"329","370",28
"330","371",28
"331","371",28
"332","371",28
"333","372",28
"334","372",28
"335","372",28
"336","373",28
"337","373",28
"338","373",28
"339","373",28
"340","373",28
"341","373",28
"342","373",28
"343","374",28
"344","374",28
"345","374",28
"346","374",28
"347","374",28
"348","374",28
"349","373",28
"350","373",28
"351","374",28
"352","374",28
"353","374",28
"351","375",29
"352","374",29
"353","374",29
"354","373",29
"355","373",29
"356","373",29
"357","373",29
"358","372",29
"359","371",29
"360","371",29
"361","371",29
"362","370",29
"363","369",29
"363","368",29
"364","367",29
"365","366",29
"365","365",29
"366","364",29
"366","363",29
"366","362",29
"365","361",29
"365","360",29
"366","359",29
"365","358",29
"364","357",29
"363","356",29
"363","355",29
"362","354",29
"361","353",29
"360","352",29
"359","351",29
"358","350",29
"357","349",29
"356","349",29
"355","348",29
"354","348",29
"353","348",29
"352","348",29
"351","348",29
"350","348",29
"349","348",29
"348","348",29
"347","347",29
"346","347",29
"345","347",29
"344","347",29
"343","347",29
"342","346",29
"341","346",29
"340","346",29
"339","347",29
"338","348",29
"338","349",29
"337","350",29
"336","351",29
"336","352",29
"335","353",29
"334","354",29
"333","355",29
"332","356",29
"331","357",29
"330","358",29
"330","359",29
"329","360",29
"328","361",29
"328","362",29
"328","363",29
"327","364",29
"327","365",29
"327","366",29
"327","367",29
"327","368",29
"327","369",29
"328","370",29
"329","371",29
"330","372",29
"331","371",29
"332","372",29
"333","372",29
"334","372",29
"335","373",29
"336","373",29
"337","373",29
"338","374",29
"339","374",29
"340","374",29
"341","374",29
"342","375",29
"343","375",29
"344","375",29
"345","374",29
"346","374",29
"347","375",29
"348","375",29
"349","375",29
"350","375",29
"351","375",29
"346","369",30
"347","368",30
"348","369",30
"347","370",30
"346","369",30
"352","375",31
"353","374",31
"354","374",31
"355","374",31
"356","374",31
"357","374",31
"358","373",31
"359","373",31
"360","372",31
"361","371",31
"362","371",31
"363","370",31
"364","370",31
"364","369",31
"364","368",31
"364","367",31
"364","366",31
"364","365",31
"364","364",31
"364","363",31
"364","362",31
"364","361",31
"363","360",31
"364","359",31
"363","358",31
"362","357",31
"361","357",31
"360","356",31
"360","355",31
"360","354",31
"360","353",31
"359","352",31
"358","351",31
"357","350",31
"356","349",31
"355","349",31
"354","349",31
"353","348",31
"352","348",31
"351","348",31
"350","348",31
"349","348",31
"348","348",31
"347","348",31
"346","347",31
"345","347",31
"344","347",31
"343","347",31
"342","347",31
"341","347",31
"340","347",31
"339","348",31
"338","349",31
"337","350",31
"336","350",31
"335","351",31
"334","352",31
"333","353",31
"332","354",31
"331","355",31
"331","356",31
"330","357",31
"330","358",31
"329","359",31
"329","360",31
"328","361",31
"328","362",31
"328","363",31
"328","364",31
"328","365",31
"328","366",31
"329","367",31
"329","368",31
"329","369",31
"330","370",31
"331","371",31
"332","372",31
"333","373",31
"334","373",31
"335","373",31
"336","373",31
"337","374",31
"338","375",31
"339","375",31
"340","375",31
"341","375",31
"342","375",31
"343","375",31
"344","375",31
"345","375",31
"346","375",31
"347","375",31
"348","375",31
"349","375",31
"350","375",31
"351","375",31
"352","375",31
"355","374",32
"356","373",32
"357","373",32
"358","373",32
"359","372",32
"360","371",32
"360","370",32
"361","369",32
"362","369",32
"363","368",32
"364","367",32
"364","366",32
"363","365",32
"363","364",32
"362","363",32
"362","362",32
"361","361",32
"361","360",32
"361","359",32
"361","358",32
"361","357",32
"361","356",32
"360","355",32
"360","354",32
"360","353",32
"359","352",32
"359","351",32
"358","350",32
"358","349",32
"357","348",32
"356","347",32
"355","346",32
"354","346",32
"353","346",32
"352","346",32
"351","346",32
"350","346",32
"349","346",32
"348","346",32
"347","345",32
"346","344",32
"345","345",32
"344","346",32
"343","346",32
"342","347",32
"341","347",32
"340","348",32
"339","349",32
"338","350",32
"337","351",32
"336","352",32
"335","352",32
"334","352",32
"333","353",32
"332","354",32
"331","354",32
"330","355",32
"329","356",32
"328","357",32
"328","358",32
"329","359",32
"329","360",32
"329","361",32
"329","362",32
"329","363",32
"329","364",32
"329","365",32
"329","366",32
"329","367",32
"329","368",32
"330","369",32
"331","370",32
"332","371",32
"333","372",32
"334","372",32
"335","372",32
"336","373",32
"337","373",32
"338","373",32
"339","373",32
"340","373",32
"341","373",32
"342","374",32
"343","374",32
"344","374",32
"345","374",32
"346","374",32
"347","374",32
"348","374",32
"349","374",32
"350","374",32
"351","374",32
"352","374",32
"353","374",32
"354","374",32
"355","374",32
"352","374",33
"353","373",33
"354","373",33
"355","373",33
"356","373",33
"357","373",33
"358","373",33
"359","372",33
"360","372",33
"361","371",33
"362","371",33
"363","371",33
"364","371",33
"365","372",33
"366","372",33
"367","371",33
"367","370",33
"367","369",33
"366","369",33
"365","369",33
"364","369",33
"363","369",33
"362","369",33
"361","368",33
"360","367",33
"359","366",33
"360","365",33
"361","364",33
"361","363",33
"360","362",33
"359","361",33
"358","360",33
"358","359",33
"358","358",33
"357","357",33
"357","356",33
"357","355",33
"357","354",33
"357","353",33
"356","352",33
"356","351",33
"356","350",33
"356","349",33
"355","348",33
"354","347",33
"353","346",33
"352","345",33
"351","345",33
"350","345",33
"349","345",33
"348","345",33
"347","345",33
"346","345",33
"345","345",33
"344","346",33
"344","347",33
"345","347",33
"346","348",33
"347","349",33
"348","349",33
"349","350",33
"349","351",33
"350","352",33
"349","353",33
"348","353",33
"347","353",33
"346","353",33
"345","353",33
"344","354",33
"344","355",33
"343","356",33
"342","356",33
"341","356",33
"340","356",33
"339","357",33
"338","356",33
"337","355",33
"336","355",33
"335","355",33
"335","356",33
"335","357",33
"334","358",33
"333","359",33
"332","360",33
"331","361",33
"330","362",33
"330","363",33
"330","364",33
"331","365",33
"330","366",33
"331","367",33
"332","368",33
"332","369",33
"333","369",33
"334","370",33
"335","370",33
"336","371",33
"337","372",33
"338","373",33
"339","373",33
"340","373",33
"341","373",33
"342","373",33
"343","373",33
"344","374",33
"345","374",33
"346","374",33
"347","374",33
"348","374",33
"349","374",33
"350","374",33
"351","374",33
"352","374",33
"349","375",34
"350","374",34
"351","374",34
"352","374",34
"353","374",34
"354","374",34
"355","374",34
"356","373",34
"357","373",34
"358","372",34
"358","371",34
"358","370",34
"359","369",34
"359","368",34
"359","367",34
"359","366",34
"359","365",34
"360","364",34
"360","363",34
"359","362",34
"358","361",34
"358","360",34
"357","359",34
"356","358",34
"356","357",34
"356","356",34
"355","356",34
"354","355",34
"354","354",34
"355","353",34
"355","352",34
"355","351",34
"355","350",34
"355","349",34
"354","349",34
"353","349",34
"352","348",34
"351","348",34
"350","349",34
"350","350",34
"350","351",34
"349","352",34
"349","353",34
"349","354",34
"350","355",34
"351","356",34
"351","357",34
"352","358",34
"351","359",34
"350","360",34
"349","360",34
"348","359",34
"347","358",34
"347","357",34
"346","356",34
"345","356",34
"344","356",34
"343","356",34
"342","356",34
"341","356",34
"340","356",34
"340","357",34
"340","358",34
"339","359",34
"338","359",34
"337","359",34
"336","359",34
"335","359",34
"334","359",34
"334","360",34
"333","361",34
"332","361",34
"331","361",34
"331","362",34
"331","363",34
"330","364",34
"330","365",34
"329","366",34
"329","367",34
"329","368",34
"329","369",34
"330","370",34
"331","371",34
"332","372",34
"333","373",34
"334","373",34
"335","373",34
"336","374",34
"337","374",34
"338","374",34
"339","374",34
"340","374",34
"341","374",34
"342","375",34
"343","375",34
"344","375",34
"345","375",34
"346","375",34
"347","375",34
"348","375",34
"349","375",34
"355","371",35
"356","370",35
"357","371",35
"356","372",35
"355","371",35
"353","375",36
"354","374",36
"355","373",36
"356","372",36
"357","372",36
"358","372",36
"359","372",36
"360","371",36
"361","370",36
"361","369",36
"360","368",36
"360","367",36
"360","366",36
"359","365",36
"359","364",36
"359","363",36
"358","362",36
"358","361",36
"357","360",36
"357","359",36
"356","358",36
"355","357",36
"354","356",36
"354","355",36
"355","354",36
"355","353",36
"356","352",36
"355","351",36
"354","350",36
"353","350",36
"352","350",36
"351","351",36
"350","352",36
"349","353",36
"348","354",36
"347","355",36
"346","356",36
"345","355",36
"344","355",36
"343","356",36
"342","355",36
"341","356",36
"340","357",36
"339","358",36
"338","359",36
"337","359",36
"336","360",36
"335","361",36
"334","362",36
"333","363",36
"332","364",36
"331","364",36
"330","365",36
"329","366",36
"329","367",36
"330","368",36
"331","369",36
"332","369",36
"333","370",36
"334","371",36
"335","372",36
"336","372",36
"337","373",36
"338","373",36
"339","373",36
"340","373",36
"341","373",36
"342","373",36
"343","373",36
"344","373",36
"345","373",36
"346","373",36
"347","374",36
"348","374",36
"349","374",36
"350","375",36
"351","374",36
"352","374",36
"353","375",36
"349","374",37
"350","373",37
"351","373",37
"352","372",37
"353","372",37
"354","373",37
"355","372",37
"356","371",37
"357","370",37
"357","369",37
"358","368",37
"357","367",37
"357","366",37
"357","365",37
"357","364",37
"357","363",37
"357","362",37
"357","361",37
"356","360",37
"355","359",37
"354","358",37
"353","357",37
"353","356",37
"353","355",37
"353","354",37
"354","353",37
"353","352",37
"352","351",37
"351","352",37
"350","353",37
"349","353",37
"348","354",37
"347","354",37
"346","355",37
"345","355",37
"344","355",37
"343","356",37
"342","357",37
"341","358",37
"340","359",37
"339","360",37
"338","361",37
"337","361",37
"336","362",37
"335","363",37
"334","364",37
"333","365",37
"332","366",37
"331","367",37
"332","368",37
"333","369",37
"334","370",37
"335","371",37
"336","372",37
"337","373",37
"338","372",37
"339","372",37
"340","372",37
"341","372",37
"342","373",37
"343","373",37
"344","373",37
"345","373",37
"346","374",37
"347","373",37
"348","373",37
"349","374",37
"353","375",38
"354","374",38
"355","373",38
"356","372",38
"356","371",38
"357","370",38
"358","369",38
"358","368",38
"358","367",38
"358","366",38
"357","365",38
"356","364",38
"357","363",38
"357","362",38
"357","361",38
"356","360",38
"356","359",38
"355","358",38
"356","357",38
"355","356",38
"354","355",38
"354","354",38
"355","353",38
"355","352",38
"356","351",38
"355","350",38
"354","349",38
"353","349",38
"352","349",38
"351","349",38
"350","349",38
"349","350",38
"348","351",38
"348","352",38
"347","353",38
"346","354",38
"345","354",38
"344","354",38
"343","355",38
"342","355",38
"341","356",38
"340","357",38
"339","358",38
"338","359",38
"337","360",38
"336","361",38
"335","362",38
"335","363",38
"334","364",38
"333","365",38
"333","366",38
"332","367",38
"331","368",38
"331","369",38
"331","370",38
"332","371",38
"333","372",38
"334","373",38
"335","373",38
"336","373",38
"337","374",38
"338","374",38
"339","375",38
"340","375",38
"341","375",38
"342","375",38
"343","375",38
"344","375",38
"345","375",38
"346","374",38
"347","374",38
"348","374",38
"349","375",38
"350","375",38
"351","374",38
"352","374",38
"353","375",38
"349","377",39
"350","376",39
"351","375",39
"351","374",39
"352","373",39
"353","373",39
"354","374",39
"355","373",39
"356","372",39
"356","371",39
"357","370",39
"357","369",39
"358","368",39
"357","367",39
"356","366",39
"356","365",39
"355","364",39
"354","363",39
"353","362",39
"352","361",39
"351","360",39
"350","359",39
"349","358",39
"349","357",39
"348","356",39
"347","355",39
"346","354",39
"345","354",39
"344","354",39
"343","354",39
"342","354",39
"341","354",39
"340","354",39
"339","354",39
"338","354",39
"337","354",39
"336","354",39
"335","354",39
"334","354",39
"333","355",39
"332","356",39
"331","357",39
"331","358",39
"330","359",39
"329","360",39
"329","361",39
"329","362",39
"329","363",39
"329","364",39
"329","365",39
"329","366",39
"330","367",39
"330","368",39
"331","369",39
"332","370",39
"333","371",39
"334","372",39
"335","372",39
"336","372",39
"337","373",39
"338","374",39
"339","374",39
"340","375",39
"341","375",39
"342","375",39
"343","375",39
"344","375",39
"345","375",39
"346","375",39
"347","376",39
"348","376",39
"349","377",39
"351","375",40
"352","374",40
"353","373",40
"353","372",40
"354","371",40
"355","370",40
"356","369",40
"355","368",40
"354","367",40
"353","366",40
"354","365",40
"355","364",40
"356","363",40
"355","362",40
"354","361",40
"353","361",40
"352","361",40
"351","360",40
"350","359",40
"349","358",40
"348","358",40
"347","358",40
"346","357",40
"345","357",40
"344","357",40
"343","356",40
"342","356",40
"341","356",40
"340","356",40
"339","356",40
"338","356",40
"337","356",40
"336","356",40
"335","357",40
"334","357",40
"333","358",40
"332","359",40
"331","360",40
"330","361",40
"330","362",40
"329","363",40
"329","364",40
"329","365",40
"330","366",40
"330","367",40
"331","368",40
"332","369",40
"333","370",40
"334","371",40
"335","371",40
"336","372",40
"337","372",40
"338","373",40
"339","373",40
"340","373",40
"341","373",40
"342","373",40
"343","374",40
"344","374",40
"345","374",40
"346","375",40
"347","375",40
"348","375",40
"349","374",40
"350","374",40
"351","375",40
"351","376",41
"352","375",41
"353","375",41
"354","374",41
"355","373",41
"355","372",41
"355","371",41
"355","370",41
"354","369",41
"354","368",41
"355","367",41
"355","366",41
"354","365",41
"354","364",41
"353","363",41
"352","362",41
"351","361",41
"350","360",41
"349","359",41
"348","358",41
"347","358",41
"346","358",41
"345","358",41
"344","358",41
"343","357",41
"342","356",41
"341","356",41
"340","356",41
"339","356",41
"338","357",41
"337","358",41
"336","359",41
"335","360",41
"334","360",41
"333","361",41
"332","362",41
"331","363",41
"330","364",41
"329","365",41
"328","366",41
"328","367",41
"329","368",41
"330","369",41
"331","370",41
"332","370",41
"333","370",41
"334","370",41
"335","371",41
"336","371",41
"337","371",41
"338","372",41
"339","372",41
"340","372",41
"341","372",41
"342","373",41
"343","374",41
"344","374",41
"345","374",41
"346","374",41
"347","374",41
"348","375",41
"349","374",41
"350","375",41
"351","376",41
"348","374",42
"349","373",42
"350","373",42
"351","373",42
"352","373",42
"353","373",42
"354","373",42
"355","373",42
"356","373",42
"357","372",42
"358","371",42
"357","370",42
"357","369",42
"356","368",42
"355","367",42
"355","366",42
"354","365",42
"353","364",42
"352","363",42
"351","362",42
"350","361",42
"349","360",42
"350","359",42
"349","358",42
"348","357",42
"347","357",42
"346","358",42
"345","359",42
"345","360",42
"344","361",42
"343","362",42
"342","362",42
"341","362",42
"340","362",42
"339","362",42
"338","362",42
"337","362",42
"336","363",42
"335","364",42
"334","365",42
"333","364",42
"332","363",42
"331","363",42
"330","363",42
"329","364",42
"328","365",42
"327","366",42
"327","367",42
"327","368",42
"328","369",42
"329","370",42
"330","371",42
"331","370",42
"332","370",42
"333","371",42
"334","370",42
"335","371",42
"336","372",42
"337","372",42
"338","371",42
"339","372",42
"340","372",42
"341","372",42
"342","373",42
"343","372",42
"344","372",42
"345","373",42
"346","372",42
"347","373",42
"348","374",42
"349","375",43
"350","374",43
"351","373",43
"351","372",43
"352","371",43
"351","370",43
"350","369",43
"349","369",43
"348","368",43
"347","367",43
"348","366",43
"348","365",43
"349","364",43
"348","363",43
"347","362",43
"346","362",43
"345","361",43
"344","361",43
"343","361",43
"342","361",43
"341","361",43
"340","361",43
"339","361",43
"338","360",43
"337","360",43
"336","360",43
"335","361",43
"334","361",43
"333","361",43
"332","361",43
"331","362",43
"330","363",43
"329","364",43
"328","365",43
"327","366",43
"327","367",43
"328","368",43
"329","369",43
"330","370",43
"331","370",43
"332","371",43
"333","371",43
"334","372",43
"335","372",43
"336","372",43
"337","373",43
"338","373",43
"339","373",43
"340","373",43
"341","373",43
"342","374",43
"343","374",43
"344","374",43
"345","374",43
"346","374",43
"347","374",43
"348","374",43
"349","375",43
"346","376",44
"347","375",44
"348","374",44
"349","375",44
"350","375",44
"351","374",44
"352","373",44
"352","372",44
"351","371",44
"350","370",44
"349","369",44
"348","369",44
"347","368",44
"346","367",44
"345","366",44
"344","367",44
"343","366",44
"343","365",44
"342","364",44
"341","363",44
"341","362",44
"340","361",44
"339","360",44
"338","359",44
"337","360",44
"336","361",44
"335","362",44
"334","363",44
"333","364",44
"333","365",44
"332","366",44
"332","367",44
"333","368",44
"333","369",44
"334","370",44
"335","371",44
"336","372",44
"337","372",44
"338","373",44
"339","373",44
"340","373",44
"341","373",44
"342","373",44
"343","373",44
"344","374",44
"345","375",44
"346","376",44
"348","378",45
"349","377",45
"350","377",45
"351","376",45
"352","375",45
"352","374",45
"353","373",45
"353","372",45
"353","371",45
"352","370",45
"351","369",45
"350","369",45
"349","368",45
"348","368",45
"347","367",45
"346","367",45
"345","366",45
"344","365",45
"343","364",45
"342","363",45
"341","363",45
"340","364",45
"339","365",45
"339","366",45
"339","367",45
"339","368",45
"339","369",45
"339","370",45
"339","371",45
"340","372",45
"341","373",45
"341","374",45
"342","375",45
"343","376",45
"344","377",45
"345","377",45
"346","377",45
"347","378",45
"348","378",45
"343","373",46
"344","372",46
"345","371",46
"346","370",46
"345","369",46
"344","368",46
"343","368",46
"342","368",46
"341","368",46
"340","368",46
"339","368",46
"338","368",46
"337","368",46
"336","368",46
"335","368",46
"334","368",46
"333","368",46
"332","367",46
"331","367",46
"330","366",46
"329","365",46
"328","365",46
"327","365",46
"326","366",46
"325","367",46
"325","368",46
"326","369",46
"327","370",46
"328","370",46
"329","371",46
"330","372",46
"331","371",46
"332","372",46
"333","373",46
"334","373",46
"335","373",46
"336","372",46
"337","372",46
"338","372",46
"339","372",46
"340","372",46
"341","372",46
"342","372",46
"343","373",46
"101","308",47
"100","159",48
"103","272",49
"143","264",50
"132","296",51
"117","304",52
"101","306",53
"100","159",54
"333","355",55
"332","356",55
"332","357",55
"332","358",55
"332","359",55
"333","360",55
"333","361",55
"334","361",55
"335","361",55
"336","361",55
"337","361",55
"338","362",55
"339","362",55
"340","362",55
"341","362",55
"342","362",55
"343","362",55
"344","362",55
"345","362",55
"346","362",55
"347","362",55
"348","362",55
"349","361",55
"348","360",55
"347","359",55
"346","359",55
"345","358",55
"344","358",55
"343","358",55
"342","358",55
"341","358",55
"340","357",55
"339","357",55
"338","357",55
"337","357",55
"336","356",55
"335","356",55
"334","356",55
"333","355",55
"332","355",56
"332","356",56
"332","357",56
"332","358",56
"332","359",56
"332","360",56
"332","361",56
"333","362",56
"334","362",56
"335","362",56
"336","362",56
"337","363",56
"338","363",56
"339","363",56
"340","363",56
"341","363",56
"342","363",56
"343","363",56
"344","363",56
"345","363",56
"346","363",56
"347","363",56
"348","363",56
"349","363",56
"350","363",56
"351","362",56
"352","362",56
"352","361",56
"352","360",56
"351","360",56
"350","360",56
"349","359",56
"348","359",56
"347","359",56
"346","358",56
"345","358",56
"344","358",56
"343","357",56
"342","357",56
"341","357",56
"340","356",56
"339","356",56
"338","356",56
"337","356",56
"336","356",56
"335","355",56
"334","355",56
"333","355",56
"332","355",56
"333","354",57
"333","355",57
"333","356",57
"333","357",57
"333","358",57
"333","359",57
"333","360",57
"333","361",57
"333","362",57
"334","362",57
"335","363",57
"336","363",57
"336","364",57
"337","364",57
"338","364",57
"339","364",57
"340","364",57
"341","364",57
"342","364",57
"343","364",57
"344","364",57
"345","364",57
"346","364",57
"347","364",57
"348","363",57
"349","363",57
"350","363",57
"351","363",57
"352","363",57
"353","362",57
"353","361",57
"352","360",57
"352","359",57
"351","359",57
"350","359",57
"349","359",57
"348","359",57
"347","358",57
"346","358",57
"345","358",57
"344","357",57
"343","357",57
"342","357",57
"341","356",57
"340","356",57
"339","356",57
"338","355",57
"337","355",57
"336","355",57
"335","355",57
"334","355",57
"333","354",57
"333","353",58
"333","354",58
"333","355",58
"333","356",58
"333","357",58
"333","358",58
"333","359",58
"333","360",58
"333","361",58
"332","362",58
"333","363",58
"334","364",58
"335","364",58
"336","364",58
"337","365",58
"338","365",58
"339","365",58
"340","365",58
"341","365",58
"342","365",58
"343","365",58
"344","365",58
"345","364",58
"346","365",58
"347","365",58
"348","365",58
"349","365",58
"350","364",58
"351","364",58
"352","364",58
"353","364",58
"354","364",58
"355","364",58
"356","363",58
"357","363",58
"358","362",58
"357","361",58
"356","360",58
"355","360",58
"354","359",58
"353","359",58
"352","359",58
"352","358",58
"351","358",58
"350","358",58
"349","357",58
"348","357",58
"347","356",58
"346","356",58
"345","356",58
"344","356",58
"343","355",58
"342","355",58
"341","355",58
"340","355",58
"339","355",58
"338","354",58
"337","354",58
"336","354",58
"335","354",58
"334","353",58
"333","353",58
"334","353",59
"333","354",59
"332","355",59
"332","356",59
"331","356",59
"331","357",59
"331","358",59
"331","359",59
"331","360",59
"331","361",59
"332","362",59
"333","363",59
"334","363",59
"335","364",59
"336","364",59
"337","364",59
"338","364",59
"339","364",59
"340","364",59
"341","364",59
"342","364",59
"343","364",59
"344","365",59
"345","365",59
"346","365",59
"347","365",59
"348","365",59
"349","365",59
"350","365",59
"351","365",59
"352","365",59
"353","365",59
"354","365",59
"355","364",59
"356","364",59
"357","364",59
"358","363",59
"359","363",59
"360","363",59
"361","363",59
"361","362",59
"361","361",59
"360","360",59
"359","360",59
"358","359",59
"357","359",59
"356","359",59
"355","359",59
"354","359",59
"353","358",59
"352","358",59
"351","358",59
"350","358",59
"349","357",59
"348","357",59
"347","357",59
"346","357",59
"345","356",59
"344","356",59
"343","356",59
"342","356",59
"341","356",59
"340","355",59
"339","355",59
"338","355",59
"337","355",59
"336","354",59
"335","353",59
"334","353",59
"334","352",60
"333","353",60
"333","354",60
"332","355",60
"332","356",60
"332","357",60
"331","358",60
"331","359",60
"331","360",60
"331","361",60
"331","362",60
"331","363",60
"332","363",60
"333","364",60
"334","364",60
"335","365",60
"336","365",60
"337","365",60
"338","366",60
"339","366",60
"340","366",60
"341","366",60
"342","366",60
"343","366",60
"344","366",60
"345","366",60
"346","366",60
"347","366",60
"348","366",60
"349","366",60
"350","366",60
"351","366",60
"352","366",60
"352","365",60
"353","365",60
"354","365",60
"355","365",60
"356","365",60
"357","365",60
"358","365",60
"359","364",60
"360","364",60
"361","364",60
"362","364",60
"362","363",60
"363","362",60
"363","361",60
"362","361",60
"361","360",60
"360","359",60
"359","358",60
"358","358",60
"357","358",60
"356","357",60
"355","357",60
"354","357",60
"353","357",60
"352","357",60
"351","357",60
"350","356",60
"349","356",60
"348","356",60
"347","356",60
"346","356",60
"345","355",60
"344","355",60
"343","355",60
"342","355",60
"341","354",60
"340","354",60
"339","354",60
"338","354",60
"337","353",60
"336","353",60
"335","353",60
"334","352",60
"333","352",61
"333","353",61
"333","354",61
"332","355",61
"332","356",61
"332","357",61
"332","358",61
"332","359",61
"331","360",61
"331","361",61
"331","362",61
"331","363",61
"331","364",61
"332","364",61
"333","364",61
"334","365",61
"335","365",61
"336","365",61
"337","366",61
"338","366",61
"339","366",61
"340","367",61
"341","367",61
"342","367",61
"343","367",61
"344","367",61
"345","367",61
"346","367",61
"347","367",61
"348","367",61
"349","367",61
"350","367",61
"351","367",61
"352","367",61
"353","367",61
"354","367",61
"355","367",61
"356","367",61
"356","366",61
"357","366",61
"358","366",61
"359","366",61
"360","365",61
"361","365",61
"362","364",61
"362","363",61
"362","362",61
"363","361",61
"363","360",61
"362","360",61
"361","359",61
"360","359",61
"359","359",61
"358","358",61
"357","358",61
"356","358",61
"355","357",61
"354","357",61
"353","357",61
"352","356",61
"351","356",61
"350","356",61
"349","356",61
"348","356",61
"347","356",61
"346","356",61
"345","356",61
"344","355",61
"343","355",61
"342","355",61
"341","355",61
"340","354",61
"339","354",61
"338","354",61
"337","353",61
"336","352",61
"335","352",61
"334","352",61
"333","352",61
"333","350",62
"333","351",62
"332","352",62
"332","353",62
"332","354",62
"331","355",62
"330","356",62
"330","357",62
"329","358",62
"329","359",62
"329","360",62
"328","361",62
"328","362",62
"328","363",62
"327","364",62
"328","365",62
"328","366",62
"328","367",62
"329","367",62
"330","367",62
"331","367",62
"332","368",62
"333","368",62
"334","368",62
"335","368",62
"336","368",62
"337","368",62
"338","369",62
"339","369",62
"340","369",62
"341","369",62
"342","369",62
"343","369",62
"344","369",62
"345","369",62
"346","369",62
"347","369",62
"348","369",62
"349","369",62
"350","369",62
"351","369",62
"352","369",62
"353","368",62
"354","368",62
"355","368",62
"356","368",62
"357","368",62
"358","368",62
"359","368",62
"360","367",62
"361","367",62
"362","367",62
"363","366",62
"364","366",62
"365","365",62
"366","365",62
"367","365",62
"368","364",62
"369","363",62
"370","362",62
"370","361",62
"369","360",62
"368","359",62
"367","359",62
"366","359",62
"365","358",62
"364","358",62
"363","358",62
"362","358",62
"361","358",62
"360","357",62
"359","357",62
"358","357",62
"357","357",62
"356","357",62
"355","356",62
"354","356",62
"353","356",62
"352","356",62
"351","356",62
"351","355",62
"350","355",62
"349","355",62
"348","355",62
"347","355",62
"346","355",62
"345","355",62
"344","354",62
"343","354",62
"342","353",62
"341","353",62
"340","352",62
"339","352",62
"338","352",62
"337","351",62
"336","351",62
"335","351",62
"334","350",62
"333","350",62
"333","349",63
"333","350",63
"332","351",63
"332","352",63
"332","353",63
"332","354",63
"332","355",63
"331","356",63
"331","357",63
"330","358",63
"330","359",63
"329","360",63
"329","361",63
"328","362",63
"328","363",63
"327","364",63
"327","365",63
"327","366",63
"327","367",63
"328","368",63
"329","369",63
"330","369",63
"331","370",63
"332","370",63
"333","370",63
"334","371",63
"335","371",63
"336","371",63
"337","371",63
"338","371",63
"339","371",63
"340","371",63
"341","371",63
"342","371",63
"343","371",63
"344","371",63
"345","371",63
"346","371",63
"347","371",63
"348","371",63
"349","371",63
"350","371",63
"351","371",63
"352","371",63
"353","371",63
"354","371",63
"355","371",63
"356","370",63
"357","370",63
"358","370",63
"359","370",63
"360","369",63
"361","369",63
"362","368",63
"363","368",63
"364","368",63
"364","367",63
"365","367",63
"366","367",63
"367","367",63
"368","367",63
"369","366",63
"370","366",63
"371","365",63
"372","364",63
"373","363",63
"373","362",63
"372","361",63
"372","360",63
"371","360",63
"370","359",63
"369","358",63
"368","358",63
"367","358",63
"366","358",63
"365","357",63
"364","357",63
"363","357",63
"362","357",63
"361","357",63
"360","357",63
"359","357",63
"358","357",63
"357","357",63
"356","357",63
"355","357",63
"354","356",63
"353","356",63
"352","356",63
"351","356",63
"350","356",63
"349","356",63
"348","355",63
"347","355",63
"346","355",63
"345","355",63
"344","355",63
"343","355",63
"342","354",63
"341","354",63
"340","354",63
"339","353",63
"338","353",63
"337","352",63
"336","351",63
"335","350",63
"334","350",63
"333","349",63
"335","347",64
"334","348",64
"334","349",64
"334","350",64
"333","351",64
"333","352",64
"333","353",64
"332","354",64
"332","355",64
"332","356",64
"332","357",64
"331","358",64
"331","359",64
"331","360",64
"331","361",64
"331","362",64
"330","362",64
"329","363",64
"328","364",64
"328","365",64
"328","366",64
"328","367",64
"328","368",64
"329","368",64
"330","368",64
"331","369",64
"332","369",64
"333","370",64
"334","370",64
"335","370",64
"336","370",64
"337","370",64
"338","371",64
"339","371",64
"340","371",64
"341","371",64
"342","371",64
"343","371",64
"344","371",64
"345","371",64
"346","371",64
"347","371",64
"348","371",64
"349","371",64
"350","371",64
"351","371",64
"352","371",64
"353","370",64
"354","370",64
"355","370",64
"356","370",64
"357","370",64
"358","370",64
"359","370",64
"360","370",64
"361","369",64
"362","369",64
"363","368",64
"364","368",64
"365","367",64
"366","367",64
"367","366",64
"367","365",64
"367","364",64
"367","363",64
"367","362",64
"366","361",64
"366","360",64
"366","359",64
"365","358",64
"365","357",64
"365","356",64
"364","355",64
"364","354",64
"363","354",64
"362","354",64
"361","354",64
"360","354",64
"359","353",64
"358","353",64
"357","353",64
"356","353",64
"355","353",64
"354","353",64
"353","353",64
"352","353",64
"351","353",64
"350","353",64
"349","353",64
"348","353",64
"347","353",64
"346","353",64
"345","353",64
"344","352",64
"343","352",64
"342","351",64
"341","351",64
"340","350",64
"339","350",64
"338","349",64
"337","349",64
"336","348",64
"335","347",64
"336","347",65
"335","348",65
"335","349",65
"334","350",65
"334","351",65
"333","352",65
"332","353",65
"332","354",65
"331","355",65
"330","356",65
"330","357",65
"329","357",65
"329","358",65
"328","359",65
"328","360",65
"328","361",65
"327","362",65
"327","363",65
"327","364",65
"326","365",65
"326","366",65
"327","367",65
"327","368",65
"328","369",65
"329","369",65
"330","370",65
"331","370",65
"332","370",65
"333","371",65
"334","371",65
"335","371",65
"336","371",65
"337","371",65
"338","371",65
"339","372",65
"340","372",65
"341","372",65
"342","372",65
"343","372",65
"344","372",65
"345","372",65
"346","372",65
"347","372",65
"348","372",65
"349","372",65
"350","372",65
"351","372",65
"352","372",65
"353","372",65
"354","371",65
"355","371",65
"356","370",65
"357","370",65
"358","370",65
"359","370",65
"360","370",65
"361","370",65
"362","370",65
"363","369",65
"364","369",65
"365","368",65
"366","367",65
"366","366",65
"367","365",65
"366","364",65
"366","363",65
"366","362",65
"365","361",65
"365","360",65
"364","359",65
"364","358",65
"364","357",65
"364","356",65
"364","355",65
"364","354",65
"364","353",65
"363","352",65
"363","351",65
"362","351",65
"361","351",65
"360","351",65
"359","351",65
"358","351",65
"357","351",65
"356","351",65
"355","351",65
"354","351",65
"353","351",65
"352","351",65
"351","351",65
"350","351",65
"349","351",65
"348","351",65
"348","350",65
"347","350",65
"346","350",65
"345","350",65
"344","350",65
"343","350",65
"342","350",65
"341","349",65
"340","349",65
"339","349",65
"338","348",65
"337","348",65
"336","348",65
"336","347",65
"336","346",66
"335","347",66
"334","348",66
"333","349",66
"332","350",66
"331","351",66
"331","352",66
"330","353",66
"330","354",66
"329","355",66
"329","356",66
"328","357",66
"328","358",66
"327","359",66
"327","360",66
"326","361",66
"326","362",66
"325","363",66
"325","364",66
"325","365",66
"325","366",66
"326","367",66
"327","368",66
"328","369",66
"329","369",66
"330","370",66
"331","370",66
"332","370",66
"333","370",66
"334","370",66
"335","370",66
"336","371",66
"337","371",66
"338","371",66
"339","371",66
"340","371",66
"341","372",66
"342","372",66
"343","372",66
"344","372",66
"345","372",66
"346","372",66
"347","372",66
"348","372",66
"349","372",66
"350","372",66
"351","372",66
"352","372",66
"353","371",66
"354","371",66
"355","371",66
"356","371",66
"357","371",66
"358","371",66
"359","370",66
"360","370",66
"361","370",66
"362","369",66
"363","369",66
"364","368",66
"365","368",66
"366","367",66
"366","366",66
"366","365",66
"366","364",66
"366","363",66
"365","362",66
"365","361",66
"365","360",66
"365","359",66
"364","358",66
"364","357",66
"364","356",66
"364","355",66
"363","354",66
"363","353",66
"362","352",66
"362","351",66
"361","351",66
"360","351",66
"359","351",66
"358","351",66
"357","350",66
"356","350",66
"355","350",66
"354","350",66
"353","350",66
"352","350",66
"351","350",66
"350","350",66
"350","349",66
"349","349",66
"348","349",66
"347","348",66
"346","348",66
"345","348",66
"344","347",66
"343","347",66
"342","347",66
"341","347",66
"340","347",66
"339","347",66
"338","346",66
"337","346",66
"336","346",66
"338","344",67
"337","345",67
"336","346",67
"335","347",67
"334","348",67
"333","349",67
"332","350",67
"331","351",67
"330","351",67
"329","352",67
"328","353",67
"328","354",67
"327","355",67
"327","356",67
"326","357",67
"326","358",67
"325","359",67
"325","360",67
"324","361",67
"324","362",67
"324","363",67
"324","364",67
"324","365",67
"324","366",67
"324","367",67
"324","368",67
"325","369",67
"325","370",67
"326","370",67
"327","370",67
"328","371",67
"329","371",67
"330","371",67
"331","371",67
"332","371",67
"333","371",67
"334","372",67
"335","372",67
"336","372",67
"337","372",67
"338","372",67
"339","372",67
"340","372",67
"341","372",67
"342","372",67
"343","372",67
"344","372",67
"345","372",67
"346","372",67
"347","372",67
"348","372",67
"349","372",67
"350","372",67
"351","372",67
"352","372",67
"353","372",67
"354","372",67
"355","372",67
"356","372",67
"357","372",67
"358","371",67
"359","371",67
"360","371",67
"361","370",67
"362","370",67
"363","370",67
"364","369",67
"364","368",67
"364","367",67
"364","366",67
"364","365",67
"364","364",67
"364","363",67
"363","362",67
"363","361",67
"363","360",67
"363","359",67
"362","358",67
"361","357",67
"361","356",67
"361","355",67
"360","354",67
"360","353",67
"360","352",67
"360","351",67
"360","350",67
"359","350",67
"358","349",67
"357","349",67
"356","349",67
"355","348",67
"354","348",67
"353","348",67
"352","348",67
"351","348",67
"350","348",67
"349","348",67
"348","347",67
"347","347",67
"346","347",67
"345","347",67
"344","346",67
"343","346",67
"342","346",67
"341","345",67
"340","345",67
"339","345",67
"338","344",67
"340","346",68
"339","346",68
"338","347",68
"337","347",68
"336","348",68
"335","349",68
"334","349",68
"333","350",68
"332","351",68
"331","352",68
"330","353",68
"329","354",68
"329","355",68
"328","356",68
"328","357",68
"328","358",68
"328","359",68
"328","360",68
"328","361",68
"328","362",68
"328","363",68
"328","364",68
"328","365",68
"328","366",68
"328","367",68
"328","368",68
"328","369",68
"328","370",68
"329","370",68
"330","371",68
"331","371",68
"332","371",68
"333","371",68
"334","371",68
"335","372",68
"336","372",68
"337","372",68
"338","372",68
"339","372",68
"340","372",68
"341","373",68
"342","373",68
"343","373",68
"344","373",68
"345","373",68
"346","373",68
"347","373",68
"348","373",68
"349","373",68
"350","373",68
"351","373",68
"352","373",68
"353","373",68
"354","373",68
"355","373",68
"356","373",68
"357","373",68
"358","373",68
"359","373",68
"359","372",68
"360","372",68
"361","371",68
"361","370",68
"362","369",68
"362","368",68
"362","367",68
"362","366",68
"363","366",68
"362","365",68
"362","364",68
"362","363",68
"362","362",68
"362","361",68
"362","360",68
"362","359",68
"361","358",68
"361","357",68
"361","356",68
"360","355",68
"360","354",68
"359","353",68
"359","352",68
"358","351",68
"358","350",68
"358","349",68
"357","349",68
"356","348",68
"355","348",68
"354","348",68
"353","347",68
"352","347",68
"351","346",68
"350","346",68
"349","346",68
"348","346",68
"347","346",68
"346","346",68
"345","346",68
"344","346",68
"343","346",68
"342","346",68
"341","346",68
"340","346",68
"340","343",69
"339","343",69
"338","344",69
"337","345",69
"336","345",69
"335","345",69
"334","346",69
"333","347",69
"332","348",69
"331","349",69
"331","350",69
"330","351",69
"330","352",69
"329","353",69
"329","354",69
"328","355",69
"328","356",69
"328","357",69
"327","358",69
"327","359",69
"327","360",69
"327","361",69
"327","362",69
"328","363",69
"328","364",69
"329","365",69
"329","366",69
"329","367",69
"329","368",69
"329","369",69
"330","369",69
"331","370",69
"332","370",69
"333","370",69
"334","371",69
"335","371",69
"336","371",69
"337","371",69
"338","372",69
"339","372",69
"340","372",69
"341","373",69
"342","373",69
"343","373",69
"344","373",69
"345","373",69
"346","373",69
"347","374",69
"348","374",69
"349","374",69
"350","374",69
"351","374",69
"352","374",69
"353","374",69
"354","374",69
"355","374",69
"356","374",69
"357","373",69
"358","373",69
"359","372",69
"360","372",69
"360","371",69
"361","370",69
"362","369",69
"362","368",69
"362","367",69
"362","366",69
"362","365",69
"362","364",69
"362","363",69
"362","362",69
"362","361",69
"362","360",69
"361","359",69
"360","358",69
"360","357",69
"360","356",69
"360","355",69
"360","354",69
"360","353",69
"359","352",69
"360","352",69
"359","351",69
"359","350",69
"358","349",69
"357","348",69
"356","347",69
"355","346",69
"354","346",69
"353","346",69
"352","345",69
"351","345",69
"350","345",69
"349","345",69
"348","344",69
"347","344",69
"346","344",69
"345","344",69
"344","343",69
"343","343",69
"342","343",69
"341","343",69
"340","343",69
"339","342",70
"338","343",70
"337","344",70
"336","345",70
"336","346",70
"335","347",70
"335","348",70
"334","349",70
"333","350",70
"332","351",70
"331","351",70
"330","351",70
"329","351",70
"328","352",70
"328","353",70
"327","354",70
"327","355",70
"327","356",70
"327","357",70
"327","358",70
"327","359",70
"328","360",70
"329","361",70
"329","362",70
"329","363",70
"329","364",70
"329","365",70
"329","366",70
"329","367",70
"329","368",70
"329","369",70
"330","370",70
"331","370",70
"332","371",70
"333","371",70
"334","371",70
"335","372",70
"336","372",70
"337","372",70
"338","372",70
"339","372",70
"340","372",70
"341","372",70
"342","372",70
"343","372",70
"344","372",70
"345","372",70
"346","372",70
"347","372",70
"348","372",70
"349","372",70
"350","372",70
"351","372",70
"352","372",70
"353","372",70
"354","372",70
"355","372",70
"356","372",70
"357","372",70
"358","372",70
"359","372",70
"360","372",70
"361","371",70
"361","370",70
"361","369",70
"361","368",70
"360","367",70
"360","366",70
"360","365",70
"360","364",70
"360","363",70
"360","362",70
"360","361",70
"360","360",70
"360","359",70
"360","358",70
"360","357",70
"360","356",70
"360","355",70
"360","354",70
"359","353",70
"359","352",70
"359","351",70
"358","350",70
"358","349",70
"357","348",70
"356","347",70
"355","346",70
"354","346",70
"354","345",70
"353","345",70
"352","345",70
"351","345",70
"350","344",70
"349","344",70
"348","344",70
"347","344",70
"346","344",70
"345","343",70
"344","343",70
"343","343",70
"342","343",70
"341","342",70
"340","342",70
"339","342",70
"339","340",71
"338","341",71
"338","342",71
"337","343",71
"337","344",71
"337","345",71
"336","346",71
"336","347",71
"336","348",71
"335","349",71
"334","350",71
"334","351",71
"334","352",71
"333","353",71
"333","354",71
"333","355",71
"333","356",71
"332","357",71
"331","358",71
"331","359",71
"330","360",71
"330","361",71
"330","362",71
"329","363",71
"329","364",71
"329","365",71
"329","366",71
"329","367",71
"329","368",71
"329","369",71
"330","370",71
"331","370",71
"332","371",71
"333","371",71
"334","371",71
"335","372",71
"336","372",71
"337","372",71
"338","372",71
"339","373",71
"340","373",71
"341","373",71
"342","373",71
"343","373",71
"344","373",71
"345","373",71
"346","373",71
"347","373",71
"348","373",71
"349","373",71
"350","373",71
"351","373",71
"352","373",71
"353","373",71
"354","373",71
"355","373",71
"356","373",71
"357","372",71
"358","372",71
"359","371",71
"359","370",71
"359","369",71
"359","368",71
"359","367",71
"359","366",71
"359","365",71
"359","364",71
"359","363",71
"359","362",71
"359","361",71
"359","360",71
"359","359",71
"359","358",71
"359","357",71
"359","356",71
"359","355",71
"359","354",71
"359","353",71
"359","352",71
"358","351",71
"358","350",71
"358","349",71
"358","348",71
"358","347",71
"358","346",71
"357","346",71
"356","345",71
"355","345",71
"355","344",71
"354","344",71
"353","344",71
"352","344",71
"351","344",71
"350","344",71
"349","343",71
"348","343",71
"347","343",71
"346","342",71
"345","342",71
"344","341",71
"343","341",71
"342","341",71
"341","341",71
"340","340",71
"339","340",71
"338","338",72
"338","339",72
"337","340",72
"337","341",72
"337","342",72
"336","343",72
"336","344",72
"335","345",72
"335","346",72
"335","347",72
"334","348",72
"334","349",72
"334","350",72
"333","351",72
"333","352",72
"333","353",72
"333","354",72
"333","355",72
"332","356",72
"332","357",72
"331","358",72
"331","359",72
"331","360",72
"330","361",72
"330","362",72
"330","363",72
"330","364",72
"329","365",72
"328","366",72
"328","367",72
"328","368",72
"328","369",72
"328","370",72
"329","370",72
"330","370",72
"331","370",72
"332","371",72
"333","371",72
"334","371",72
"335","371",72
"336","372",72
"337","372",72
"338","372",72
"339","372",72
"340","372",72
"341","372",72
"342","372",72
"343","372",72
"344","373",72
"345","373",72
"346","373",72
"347","373",72
"348","373",72
"349","373",72
"350","373",72
"351","373",72
"352","373",72
"353","373",72
"354","373",72
"355","373",72
"356","373",72
"357","373",72
"358","372",72
"359","371",72
"360","370",72
"360","369",72
"360","368",72
"360","367",72
"360","366",72
"360","365",72
"360","364",72
"360","363",72
"359","362",72
"359","361",72
"359","360",72
"358","359",72
"358","358",72
"358","357",72
"357","356",72
"357","355",72
"357","354",72
"357","353",72
"357","352",72
"357","351",72
"357","350",72
"357","349",72
"357","348",72
"357","347",72
"357","346",72
"357","345",72
"357","344",72
"357","343",72
"357","342",72
"357","341",72
"356","341",72
"355","341",72
"354","342",72
"354","341",72
"353","341",72
"352","341",72
"351","341",72
"350","341",72
"349","341",72
"348","340",72
"347","340",72
"346","340",72
"345","340",72
"344","340",72
"343","340",72
"343","339",72
"342","339",72
"341","339",72
"340","339",72
"339","338",72
"338","338",72
"339","338",73
"338","339",73
"338","340",73
"337","341",73
"336","342",73
"336","343",73
"336","344",73
"336","345",73
"335","346",73
"335","347",73
"334","348",73
"334","349",73
"333","350",73
"333","351",73
"333","352",73
"332","353",73
"332","354",73
"332","355",73
"332","356",73
"332","357",73
"331","358",73
"331","359",73
"330","360",73
"330","361",73
"329","362",73
"329","363",73
"329","364",73
"329","365",73
"328","366",73
"328","367",73
"328","368",73
"329","369",73
"329","370",73
"330","370",73
"331","371",73
"332","371",73
"333","371",73
"334","371",73
"335","372",73
"336","372",73
"337","372",73
"338","372",73
"339","372",73
"340","372",73
"341","372",73
"342","373",73
"343","373",73
"344","373",73
"345","373",73
"346","373",73
"347","373",73
"348","373",73
"349","373",73
"350","373",73
"351","373",73
"352","373",73
"353","373",73
"354","373",73
"355","373",73
"356","372",73
"357","371",73
"358","370",73
"358","369",73
"358","368",73
"358","367",73
"358","366",73
"358","365",73
"358","364",73
"358","363",73
"358","362",73
"358","361",73
"357","360",73
"357","359",73
"357","358",73
"357","357",73
"357","356",73
"357","355",73
"357","354",73
"357","353",73
"357","352",73
"356","351",73
"356","350",73
"356","349",73
"356","348",73
"356","347",73
"355","346",73
"355","345",73
"354","344",73
"354","343",73
"353","342",73
"353","341",73
"352","341",73
"351","341",73
"350","340",73
"349","340",73
"348","340",73
"347","340",73
"346","340",73
"345","340",73
"344","339",73
"343","339",73
"342","339",73
"341","338",73
"340","338",73
"339","338",73
"342","337",74
"341","338",74
"340","339",74
"339","340",74
"338","341",74
"337","342",74
"337","343",74
"336","344",74
"335","345",74
"334","346",74
"334","347",74
"334","348",74
"334","349",74
"334","350",74
"334","351",74
"333","352",74
"333","353",74
"333","354",74
"332","355",74
"332","356",74
"332","357",74
"332","358",74
"331","359",74
"331","360",74
"331","361",74
"330","362",74
"330","363",74
"329","364",74
"329","365",74
"329","366",74
"329","367",74
"330","368",74
"330","369",74
"331","370",74
"332","370",74
"333","370",74
"334","371",74
"335","371",74
"336","372",74
"337","372",74
"338","372",74
"339","372",74
"340","373",74
"341","373",74
"342","373",74
"343","373",74
"344","373",74
"345","373",74
"346","373",74
"347","373",74
"348","373",74
"349","373",74
"350","373",74
"351","373",74
"352","373",74
"353","373",74
"354","373",74
"355","373",74
"355","372",74
"356","371",74
"356","370",74
"357","370",74
"357","369",74
"357","368",74
"356","367",74
"356","366",74
"356","365",74
"356","364",74
"356","363",74
"356","362",74
"356","361",74
"356","360",74
"356","359",74
"355","358",74
"355","357",74
"355","356",74
"355","355",74
"355","354",74
"355","353",74
"355","352",74
"355","351",74
"356","350",74
"356","349",74
"356","348",74
"356","347",74
"357","347",74
"356","346",74
"356","345",74
"356","344",74
"356","343",74
"355","342",74
"355","341",74
"354","340",74
"353","339",74
"352","339",74
"351","339",74
"350","339",74
"349","338",74
"348","338",74
"347","338",74
"346","338",74
"345","338",74
"344","337",74
"343","337",74
"342","337",74
"342","335",75
"342","336",75
"341","337",75
"341","338",75
"340","339",75
"339","340",75
"338","341",75
"339","341",75
"338","342",75
"337","342",75
"336","343",75
"336","344",75
"335","345",75
"334","346",75
"333","347",75
"333","348",75
"332","349",75
"332","350",75
"331","351",75
"331","352",75
"331","353",75
"331","354",75
"331","355",75
"330","356",75
"330","357",75
"330","358",75
"330","359",75
"330","360",75
"330","361",75
"330","362",75
"330","363",75
"330","364",75
"329","365",75
"329","366",75
"329","367",75
"329","368",75
"330","369",75
"331","370",75
"332","371",75
"333","371",75
"334","371",75
"335","371",75
"336","372",75
"337","372",75
"338","372",75
"339","372",75
"340","372",75
"341","372",75
"342","373",75
"343","373",75
"344","373",75
"345","373",75
"346","373",75
"347","373",75
"348","374",75
"349","374",75
"350","373",75
"351","373",75
"352","373",75
"353","372",75
"354","372",75
"355","371",75
"355","370",75
"356","369",75
"357","369",75
"356","368",75
"356","367",75
"356","366",75
"356","365",75
"356","364",75
"356","363",75
"356","362",75
"355","361",75
"355","360",75
"354","359",75
"354","358",75
"354","357",75
"354","356",75
"354","355",75
"354","354",75
"355","353",75
"355","352",75
"355","351",75
"355","350",75
"355","349",75
"355","348",75
"355","347",75
"355","346",75
"355","345",75
"354","344",75
"354","343",75
"354","342",75
"354","341",75
"354","340",75
"354","339",75
"353","339",75
"352","338",75
"351","338",75
"350","337",75
"349","337",75
"348","337",75
"347","336",75
"346","336",75
"345","336",75
"344","336",75
"343","335",75
"342","335",75
"342","334",76
"341","335",76
"341","336",76
"341","337",76
"341","338",76
"340","339",76
"339","340",76
"339","341",76
"338","342",76
"337","343",76
"336","344",76
"335","345",76
"334","346",76
"333","347",76
"333","348",76
"332","349",76
"331","350",76
"331","351",76
"331","352",76
"331","353",76
"331","354",76
"330","355",76
"330","356",76
"330","357",76
"330","358",76
"329","359",76
"329","360",76
"329","361",76
"329","362",76
"328","363",76
"328","364",76
"328","365",76
"328","366",76
"328","367",76
"328","368",76
"328","369",76
"328","370",76
"329","370",76
"330","371",76
"331","371",76
"332","371",76
"333","371",76
"334","372",76
"335","372",76
"336","372",76
"337","373",76
"338","373",76
"339","373",76
"340","373",76
"341","373",76
"342","373",76
"343","373",76
"344","374",76
"345","374",76
"346","374",76
"347","374",76
"348","374",76
"349","374",76
"350","374",76
"351","374",76
"352","374",76
"353","373",76
"354","373",76
"354","372",76
"354","371",76
"354","370",76
"354","369",76
"354","368",76
"353","367",76
"353","366",76
"353","365",76
"353","364",76
"352","363",76
"352","362",76
"352","361",76
"352","360",76
"353","359",76
"353","358",76
"353","357",76
"353","356",76
"353","355",76
"353","354",76
"353","353",76
"353","352",76
"354","351",76
"354","350",76
"354","349",76
"354","348",76
"354","347",76
"354","346",76
"354","345",76
"354","344",76
"354","343",76
"354","342",76
"355","342",76
"355","341",76
"354","340",76
"354","339",76
"353","338",76
"352","338",76
"351","337",76
"350","337",76
"349","336",76
"348","336",76
"347","336",76
"346","336",76
"345","335",76
"344","335",76
"343","335",76
"342","334",76
"342","334",77
"341","335",77
"341","336",77
"340","337",77
"340","338",77
"339","338",77
"339","339",77
"338","340",77
"338","341",77
"337","342",77
"336","343",77
"336","344",77
"335","345",77
"335","346",77
"334","347",77
"334","348",77
"333","349",77
"332","350",77
"331","351",77
"330","352",77
"330","353",77
"330","354",77
"329","355",77
"329","356",77
"328","357",77
"328","358",77
"327","359",77
"326","360",77
"326","361",77
"326","362",77
"326","363",77
"326","364",77
"326","365",77
"326","366",77
"326","367",77
"326","368",77
"326","369",77
"327","370",77
"328","371",77
"329","371",77
"330","372",77
"331","372",77
"332","372",77
"333","373",77
"334","373",77
"335","373",77
"336","373",77
"337","373",77
"338","373",77
"339","373",77
"340","374",77
"341","374",77
"342","374",77
"343","374",77
"344","374",77
"345","374",77
"346","374",77
"347","374",77
"348","374",77
"349","374",77
"350","374",77
"351","374",77
"352","374",77
"353","373",77
"354","372",77
"354","371",77
"354","370",77
"354","369",77
"354","368",77
"354","367",77
"354","366",77
"354","365",77
"354","364",77
"354","363",77
"354","362",77
"354","361",77
"353","360",77
"353","359",77
"353","358",77
"353","357",77
"353","356",77
"353","355",77
"353","354",77
"353","353",77
"353","352",77
"353","351",77
"353","350",77
"353","349",77
"353","348",77
"353","347",77
"353","346",77
"353","345",77
"353","344",77
"354","343",77
"354","342",77
"354","341",77
"354","340",77
"354","339",77
"353","338",77
"353","337",77
"352","337",77
"351","336",77
"350","336",77
"349","336",77
"348","335",77
"347","335",77
"346","335",77
"346","334",77
"345","334",77
"344","334",77
"343","334",77
"342","334",77
"412","296",78
